city_id,city,state,lat,lon,type
SEA,Seattle,WA,47.6062,-122.3321,hub
PDX,Portland,OR,45.5152,-122.6784,hub
SFO,San Francisco,CA,37.7749,-122.4194,hub
LAX,Los Angeles,CA,34.0522,-118.2437,hub
LAS,Las Vegas,NV,36.1699,-115.1398,hub
PHX,Phoenix,AZ,33.4484,-112.074,hub
SLC,Salt Lake City,UT,40.7608,-111.891,hub
DEN,Denver,CO,39.7392,-104.9903,hub
DAL,Dallas,TX,32.7767,-96.797,hub
HOU,Houston,TX,29.7604,-95.3698,hub
AUS,Austin,TX,30.2672,-97.7431,hub
CHI,Chicago,IL,41.8781,-87.6298,hub
MSP,Minneapolis,MN,44.9778,-93.265,hub
STL,St Louis,MO,38.627,-90.1994,hub
KC,Kansas City,MO,39.0997,-94.5786,hub
ATL,Atlanta,GA,33.749,-84.388,hub
MIA,Miami,FL,25.7617,-80.1918,hub
ORL,Orlando,FL,28.5383,-81.3792,hub
CLT,Charlotte,NC,35.2271,-80.8431,hub
DC,Washington DC,DC,38.9072,-77.0369,hub
PHL,Philadelphia,PA,39.9526,-75.1652,hub
NYC,New York,NY,40.7128,-74.006,hub
BOS,Boston,MA,42.3601,-71.0589,hub
DET,Detroit,MI,42.3314,-83.0458,spoke
NAS,Nashville,TN,36.1627,-86.7816,spoke
NO,New Orleans,LA,29.9511,-90.0715,spoke
OKC,Oklahoma City,OK,35.4676,-97.5164,spoke
SAT,San Antonio,TX,29.4241,-98.4936,spoke
ELP,El Paso,TX,31.7619,-106.485,spoke
ABQ,Albuquerque,NM,35.0844,-106.6504,spoke
JAX,Jacksonville,FL,30.3322,-81.6557,spoke
RDU,Raleigh,NC,35.7796,-78.6382,spoke
PIT,Pittsburgh,PA,40.4406,-79.9959,spoke
CLE,Cleveland,OH,41.4993,-81.6944,spoke
IND,Indianapolis,IN,39.7684,-86.1581,spoke
MEM,Memphis,TN,35.1495,-90.049,spoke
OMA,Omaha,NE,41.2565,-95.9345,spoke
SAC,Sacramento,CA,38.5816,-121.4944,spoke
SDG,San Diego,CA,32.7157,-117.1611,spoke
