vehicle_id,vehicle_type,capacity_kg,max_distance_km,cost_per_km,base_city
V001,Cargo Van,1200,350,1.15,DEN
V002,Box Truck,4500,800,1.85,KC
V003,Medium Truck,9000,1100,2.15,NYC
V004,Semi,18000,1600,2.4,PHX
V005,Cargo Van,1200,350,1.15,MSP
V006,Box Truck,4500,800,1.85,DC
V007,Medium Truck,9000,1100,2.15,LAX
V008,Semi,18000,1600,2.4,AUS
V009,Cargo Van,1200,350,1.15,ORL
V010,Box Truck,4500,800,1.85,PDX
V011,Medium Truck,9000,1100,2.15,DAL
V012,Semi,18000,1600,2.4,ATL
V013,Cargo Van,1200,350,1.15,BOS
V014,Box Truck,4500,800,1.85,SLC
V015,Medium Truck,9000,1100,2.15,STL
V016,Semi,18000,1600,2.4,PHL
V017,Cargo Van,1200,350,1.15,LAS
V018,Box Truck,4500,800,1.85,CHI
V019,Medium Truck,9000,1100,2.15,CLT
V020,Semi,18000,1600,2.4,SFO
V021,Cargo Van,1200,350,1.15,HOU
V022,Box Truck,4500,800,1.85,MIA
V023,Medium Truck,9000,1100,2.15,SEA
V024,Semi,18000,1600,2.4,DEN
V025,Cargo Van,1200,350,1.15,KC
V026,Box Truck,4500,800,1.85,NYC
V027,Medium Truck,9000,1100,2.15,PHX
V028,Semi,18000,1600,2.4,MSP
V029,Cargo Van,1200,350,1.15,DC
V030,Box Truck,4500,800,1.85,LAX
V031,Medium Truck,9000,1100,2.15,AUS
V032,Semi,18000,1600,2.4,ORL
V033,Cargo Van,1200,350,1.15,PDX
V034,Box Truck,4500,800,1.85,DAL
V035,Medium Truck,9000,1100,2.15,ATL
V036,Semi,18000,1600,2.4,BOS
V037,Cargo Van,1200,350,1.15,SLC
V038,Box Truck,4500,800,1.85,STL
V039,Medium Truck,9000,1100,2.15,PHL
V040,Semi,18000,1600,2.4,LAS
V041,Cargo Van,1200,350,1.15,CHI
V042,Box Truck,4500,800,1.85,CLT
V043,Medium Truck,9000,1100,2.15,SFO
V044,Semi,18000,1600,2.4,HOU
V045,Cargo Van,1200,350,1.15,MIA
V046,Box Truck,4500,800,1.85,SEA
V047,Medium Truck,9000,1100,2.15,DEN
V048,Semi,18000,1600,2.4,KC
V049,Cargo Van,1200,350,1.15,NYC
V050,Box Truck,4500,800,1.85,PHX
V051,Medium Truck,9000,1100,2.15,MSP
V052,Semi,18000,1600,2.4,DC
V053,Cargo Van,1200,350,1.15,LAX
V054,Box Truck,4500,800,1.85,AUS
V055,Medium Truck,9000,1100,2.15,ORL
V056,Semi,18000,1600,2.4,PDX
V057,Cargo Van,1200,350,1.15,DAL
V058,Box Truck,4500,800,1.85,ATL
V059,Medium Truck,9000,1100,2.15,BOS
V060,Semi,18000,1600,2.4,SLC
V061,Cargo Van,1200,350,1.15,STL
V062,Box Truck,4500,800,1.85,PHL
V063,Medium Truck,9000,1100,2.15,LAS
V064,Semi,18000,1600,2.4,CHI
V065,Cargo Van,1200,350,1.15,CLT
V066,Box Truck,4500,800,1.85,SFO
V067,Medium Truck,9000,1100,2.15,HOU
V068,Semi,18000,1600,2.4,MIA
V069,Cargo Van,1200,350,1.15,SEA
V070,Box Truck,4500,800,1.85,DEN
V071,Medium Truck,9000,1100,2.15,KC
V072,Semi,18000,1600,2.4,NYC
V073,Cargo Van,1200,350,1.15,PHX
V074,Box Truck,4500,800,1.85,MSP
V075,Medium Truck,9000,1100,2.15,DC
V076,Semi,18000,1600,2.4,LAX
V077,Cargo Van,1200,350,1.15,AUS
V078,Box Truck,4500,800,1.85,ORL
V079,Medium Truck,9000,1100,2.15,PDX
V080,Semi,18000,1600,2.4,DAL
